model,mae,rmse,mape
random_forest,250.9011061695846,646.6267962704193,2615643552239387.0
xgboost,253.84483270517214,633.5507286143421,3191089112259724.5
lightgbm,261.65376292786306,666.6241072411349,3943325309608539.5
